name;id;wrs;wrsIL;wrsFG;runs;runsIL;runsFG;podiums;games;ILs games;full games;categories;categories ILs;categories Full Game;levels played;Games with at least 1 wr;Games with at least 1 podium;Percentage Of Games with at least 1 wr;Personal Bests;Obsolete Runs;Second Places;Third Places;Fourth Places;ratio Wrs/pbs;ratio Wrs/runs;Biggest Run Description;Biggest Run Description URL;Run Description Size on Average;Runs Using Splits;Sum Of Runs Times in seconds (Very innacurate);Sum Of Runs Times Edited;platforms played;Runs Emulated
felipereis11011;x7q9g1v8;1480;1449;31;2487;2401;86;2058;87;68;30;144;91;53;0;42;64;048,27%;2198;289;379;199;58;067.33%;059,50%;367;20.683152392440693;768338.8679999998;8 days, 21 hours, 25 minutes, 38.86799999978393 seconds;5;369
FuriousFire201;0jm6pwy8;240;240;0;6055;6055;0;857;2;2;0;2;2;0;0;1;1;050,0%;1517;4538;324;293;230;015.82%;003,96%;69;0.12931461601981833;50264.710000000305;13 hours, 57 minutes, 44.71000000030472 seconds;1;0
dlimes13;o86y93wj;2985;2780;205;4744;4395;349;3365;19;17;14;74;22;52;0;16;18;084,21%;3453;1291;283;97;52;086.44%;062,92%;986;15.614881956155143;193569930.41799986;2240 days, 9 hours, 25 minutes, 30.417999863624573 seconds;13;1483
killerkun...;8qr5kvwj;2718;2452;266;4019;3354;665;3387;213;125;136;450;173;277;0;121;166;056,80%;3542;477;553;116;36;076.73%;067,62%;962;15.239363025628267;548145.1689999992;6 days, 8 hours, 15 minutes, 45.168999999179505 seconds;11;152
Fioresa;1xy3wpwj;3518;3316;202;5549;4997;552;4143;100;64;52;309;147;162;0;76;97;076,0%;4250;1299;491;134;63;082.77%;063,39%;775;5.018742115696522;548889.618999999;6 days, 8 hours, 28 minutes, 9.618999999016523 seconds;3;5
Otterstone_Gamer;qjn1wzw8;5243;4483;760;8972;6309;2663;7442;438;78;393;1224;170;1054;0;120;222;027,39%;8675;297;1731;468;217;060.43%;058,43%;1984;42.26660722246991;877042.0150000057;10 days, 3 hours, 37 minutes, 22.01500000571832 seconds;24;148
ShesChardcore;y8dzlz9j;1402;1115;287;5902;3839;2063;3569;919;354;620;1798;542;1256;0;223;449;024,26%;5569;333;1488;679;400;025.17%;023,75%;459;19.549813622500846;554954.8620000011;6 days, 10 hours, 9 minutes, 14.862000001128763 seconds;26;1073
MrMountainMan;kj9y5mrx;788;768;20;3066;2893;173;2097;9;8;4;41;19;22;0;7;8;077,77%;2329;737;1038;271;122;033.83%;025,70%;180;0.8838878016960209;107147.71500000013;1 day, 5 hours, 45 minutes, 47.715000000127475 seconds;4;19
Zambrini;1xyylnyx;2115;1884;231;2951;2292;659;2429;268;157;124;515;254;261;0;223;258;083,20%;2519;432;216;98;35;083.96%;071,67%;513;79.02643171806167;40242.44500000003;11 hours, 10 minutes, 42.44500000002881 seconds;7;28
Nordanix;kj92m4r8;896;862;34;3852;3711;141;1398;40;28;31;118;55;63;0;22;28;055,00%;1643;2209;379;123;65;054.53%;023,26%;1889;155.5236240913811;20613136.89599995;238 days, 13 hours, 52 minutes, 16.89599994942546 seconds;9;262
Spaceman;18v52d5j;738;718;20;1781;1589;192;1190;77;58;53;159;74;85;0;62;73;080,51%;1287;494;328;124;49;057.34%;041,43%;1928;8.385738349241999;1091754.8490000074;12 days, 15 hours, 15 minutes, 54.8490000073798 seconds;2;1774
AslanTZ;816q54lx;991;942;49;2188;1936;252;1677;243;174;98;418;265;153;0;122;199;050,20%;1961;227;508;178;106;050.53%;045,29%;682;15.292961608775137;67733.86799999993;18 hours, 48 minutes, 53.86799999992945 seconds;8;1
stathx;jn36q61x;4117;4003;114;5083;4931;152;4617;49;36;26;101;54;47;0;45;49;091,83%;4674;409;465;35;21;088.08%;080,99%;470;12.299036002360811;198906.40999999922;2 days, 7 hours, 15 minutes, 6.409999999217689 seconds;8;0
CaneofPacci;v81kdrjp;655;631;24;791;678;113;716;42;9;41;76;22;54;0;20;30;047,61%;738;53;49;12;4;088.75%;082,80%;177;3.2692793931731985;474981.10099999997;5 days, 11 hours, 56 minutes, 21.100999999966007 seconds;8;0
Jaypin88;kj9521v8;1116;702;414;2189;1359;830;1783;1634;984;655;1751;1055;696;0;963;1477;058,93%;1973;216;518;149;72;056.56%;050,98%;675;42.62311557788945;377718.8630000001;4 days, 8 hours, 55 minutes, 18.863000000128523 seconds;33;795
SRGTsilent;v8l3eq48;657;557;100;1975;1398;577;1042;100;22;96;206;47;159;0;46;75;046,0%;1263;712;274;111;91;052.01%;033,26%;503;14.473417721518988;27135276.09400004;314 days, 1 hour, 34 minutes, 36.09400004148483 seconds;14;181
McKiddy;kj9dzp7x;1268;1168;100;2391;1907;484;1389;103;48;77;306;94;212;0;39;51;037,86%;1780;611;66;55;49;071.23%;053,03%;901;16.517356754496028;1025308.8700000009;11 days, 20 hours, 48 minutes, 28.870000000926666 seconds;17;176
Kkntucara;xz9nv648;751;647;104;1685;1453;232;1119;85;63;43;191;117;74;0;59;80;069,41%;1229;456;254;114;51;061.10%;044,56%;479;29.299703264094955;170734.811;1 day, 23 hours, 25 minutes, 34.81099999998696 seconds;5;0
Wolt1x;kjp1vr2j;1278;1251;27;2121;2067;54;1782;35;28;13;75;46;29;0;33;35;094,28%;1910;211;396;108;55;066.91%;060,25%;182;7.501178689297501;28961.134000000045;8 hours, 2 minutes, 41.13400000004549 seconds;4;0
Cmdr;48g5vo7j;529;442;87;3944;2135;1809;1034;128;53;112;511;145;366;0;31;60;024,21%;2326;1618;317;188;172;022.74%;013,41%;1340;7.5410750507099396;3205349.2379999943;37 days, 2 hours, 22 minutes, 29.237999994307756 seconds;14;34
Comical_;68wvldlx;1854;1693;161;3702;3113;589;3030;291;168;140;529;256;273;0;139;201;047,76%;3582;120;817;359;189;051.75%;050,08%;310;14.204754186925985;61502.802000000105;17 hours, 5 minutes, 2.8020000001051812 seconds;11;21
Blacksecret;qjn1y628;608;570;38;1246;1041;205;816;45;25;36;135;44;91;0;32;40;071,11%;870;376;158;50;17;069.88%;048,79%;451;9.769662921348315;455925.94700000004;5 days, 6 hours, 38 minutes, 45.94700000004377 seconds;2;139
Tei;18vmo728;558;527;31;1040;920;120;678;76;18;67;110;24;86;0;17;32;022,36%;760;280;90;30;10;073.42%;053,65%;1410;55.72115384615385;770013.929;8 days, 21 hours, 53 minutes, 33.929000000003725 seconds;5;8
werster;y8d365x6;482;380;102;954;608;346;660;80;21;74;200;36;164;0;52;68;065,0%;734;220;129;49;25;065.66%;050,52%;441;19.156184486373167;3140987.8829999994;36 days, 8 hours, 29 minutes, 47.88299999944866 seconds;21;576
Rayu;j0nvnk98;395;370;25;405;380;25;397;25;20;8;43;35;8;0;24;25;096,0%;397;8;2;0;0;099.49%;097,53%;375;70.21728395061729;7259.121000000006;2 hours, 59.12100000000555 seconds;3;0
ALZERI28;zx75o1r8;456;439;17;1198;1048;150;610;14;9;11;70;39;31;0;7;8;050,0%;642;556;115;39;19;071.02%;038,06%;635;120.96661101836393;882032.0430000001;10 days, 5 hours, 32.04300000006333 seconds;7;730
Raid104;18vw1rvj;395;377;18;1734;1704;30;1091;1;1;1;15;4;11;0;1;1;0100,0%;1505;229;387;309;194;026.24%;022,77%;178;0.5455594002306805;237294.01099999988;2 days, 17 hours, 54 minutes, 54.01099999988219 seconds;2;0
Awake;kj9v37vx;539;537;2;844;842;2;751;3;3;1;11;9;2;0;3;3;0100,0%;817;27;156;56;43;065.97%;063,86%;141;12.456161137440759;188367.16999999998;2 days, 4 hours, 19 minutes, 27.169999999983702 seconds;1;0
Meegz;8e9gr0pj;468;99;369;958;245;713;694;20;9;14;68;22;46;0;9;18;045,0%;806;152;145;81;39;058.06%;048,85%;193;8.450939457202505;200780.19900000014;2 days, 7 hours, 46 minutes, 20.199000000138767 seconds;4;44
Polonxy;1xyk5ny8;448;426;22;758;694;64;576;27;15;20;63;25;38;0;21;25;077,77%;593;165;100;28;10;075.54%;059,10%;611;25.424802110817943;347841.3609999999;4 days, 37 minutes, 21.360999999917112 seconds;7;0
Icysnowman;j2y12e68;652;552;100;1206;917;289;836;16;8;12;64;13;51;0;6;10;037,5%;942;264;125;59;31;069.21%;054,06%;1900;135.95688225538973;1138964.803999999;13 days, 4 hours, 22 minutes, 44.8039999990724 seconds;3;0
VyPr;8e913qdj;839;707;132;2007;1530;477;1389;138;91;75;284;159;125;0;75;102;054,34%;1734;273;393;157;105;048.38%;041,80%;267;20.887892376681613;222554.52299999964;2 days, 13 hours, 49 minutes, 14.52299999963725 seconds;14;108
daff;8grm677x;3311;2700;611;5493;4105;1388;4728;282;150;154;836;299;537;0;126;198;044,68%;5483;10;1104;313;195;060.38%;060,27%;559;28.349353722920082;199359.31799999985;2 days, 7 hours, 22 minutes, 39.31799999985378 seconds;5;0
DlemmoR;1xyd6nmx;413;389;24;1106;1052;54;425;2;2;2;26;18;8;0;2;2;0100,0%;426;680;12;0;1;096.94%;037,34%;831;160.89330922242314;1117439;12 days, 22 hours, 23 minutes, 59 seconds;1;0
katze789;qjnz5g2j;424;376;48;1283;733;550;573;77;53;55;155;56;99;0;69;76;089,61%;597;686;105;44;4;071.02%;033,04%;461;30.229150428682775;1870506.179999996;21 days, 15 hours, 35 minutes, 6.1799999959766865 seconds;2;1268
Klooger;18qr5wjn;497;368;129;1374;1048;326;741;31;21;24;106;40;66;0;21;27;067,74%;809;565;175;69;33;061.43%;036,17%;485;9.528384279475983;1426150.831;16 days, 12 hours, 9 minutes, 10.831000000005588 seconds;2;0
Chainsawkitten;98ryqvqj;390;374;16;467;419;48;401;12;2;12;32;2;30;0;7;9;058,33%;415;52;9;2;6;093.97%;083,51%;133;1.9914346895074946;70598.154;19 hours, 36 minutes, 38.153999999994994 seconds;2;2
duckle;e8e5gg68;313;313;0;3501;3499;2;661;7;6;1;11;10;1;0;3;6;042,85%;770;2731;241;107;59;040.64%;008,94%;350;0.27163667523564694;24186.572999999913;6 hours, 43 minutes, 6.572999999913009 seconds;2;0
plank;y8d00plx;339;67;272;1128;141;987;419;159;16;153;290;21;269;0;108;145;067,92%;456;672;55;25;8;074.34%;030,05%;1943;40.744680851063826;617788.838;7 days, 3 hours, 36 minutes, 28.837999999988824 seconds;11;434
RunStrafe;kj9e0578;807;794;13;1586;1549;37;1260;22;19;12;55;30;25;0;19;21;086,36%;1299;287;362;91;17;062.12%;050,88%;876;101.2906683480454;71178.21900000011;19 hours, 46 minutes, 18.219000000113738 seconds;3;459
Hydrus;5j5dqrz8;191;141;50;725;509;216;444;38;21;30;108;31;77;0;20;26;052,63%;494;231;200;53;15;038.66%;026,34%;1944;168.52275862068964;1116042.8220000006;12 days, 22 hours, 42.82200000062585 seconds;12;54
FelipeNascimento83;68wne448;2068;1664;404;2810;1843;967;2453;516;82;475;746;131;615;0;209;369;040,50%;2724;86;258;127;68;075.91%;073,59%;505;8.605693950177937;1060387.3169999993;12 days, 6 hours, 33 minutes, 7.316999999340624 seconds;25;1088
Sizzyl;18qvw9ox;326;303;23;968;577;391;535;77;20;74;214;28;186;0;16;37;020,77%;886;82;142;67;40;036.79%;033,67%;536;22.43285123966942;468712.1309999996;5 days, 10 hours, 11 minutes, 52.13099999958649 seconds;15;25
Rupa;qjoq5re8;623;616;7;1021;944;77;640;3;3;1;16;8;8;0;3;3;0100,0%;646;375;14;3;2;096.43%;061,01%;383;19.82468168462292;217497.07799999995;2 days, 12 hours, 24 minutes, 57.07799999995041 seconds;2;0
Ewil;1xyy6vxr;308;284;24;562;463;99;402;28;20;17;48;27;21;0;15;21;053,57%;424;138;69;25;9;072.64%;054,80%;970;18.199288256227756;735898.6260000021;8 days, 12 hours, 24 minutes, 58.62600000214297 seconds;3;6
ssjoen;8wk3wr48;556;519;37;768;707;61;626;34;26;18;82;47;35;0;26;32;076,47%;641;127;53;17;5;086.73%;072,39%;239;36.143229166666664;244753.94000000024;2 days, 19 hours, 59 minutes, 13.940000000235159 seconds;5;12
Th3on3C;18qkovq8;277;242;35;1563;1085;478;549;68;46;38;166;59;107;0;29;42;042,64%;685;878;191;81;49;040.43%;017,72%;517;50.41458733205374;165313.71699999992;1 day, 21 hours, 55 minutes, 13.71699999991688 seconds;7;0
zir0nic;98rv0dqj;382;158;224;1107;436;671;670;264;111;187;535;155;380;0;138;212;052,27%;891;216;189;99;65;042.87%;034,50%;1947;79.19692863595303;439859.94399999967;5 days, 2 hours, 10 minutes, 59.94399999966845 seconds;9;2
emrald;5j5ve9w8;300;256;44;968;828;140;446;46;24;36;88;32;56;0;15;23;032,60%;564;404;85;61;37;053.19%;030,99%;386;9.418388429752065;110240.08400000006;1 day, 6 hours, 37 minutes, 20.08400000006077 seconds;10;6
silliest;814pll58;173;173;0;1070;1038;32;420;5;1;4;14;1;13;0;1;1;020,0%;509;561;177;70;31;033.98%;016,16%;180;2.3158878504672895;34135.146999999946;9 hours, 28 minutes, 55.146999999946274 seconds;1;0
slippy318;e8e9l0pj;324;308;16;1740;1539;201;607;29;15;22;197;154;43;0;14;21;048,27%;714;1026;211;72;37;045.37%;018,62%;601;12.030459770114943;69700.74900000005;19 hours, 21 minutes, 40.749000000054366 seconds;9;1
Ico;qjo2pne8;289;237;52;781;661;120;459;26;10;26;61;17;44;0;20;24;076,92%;466;315;150;20;4;062.01%;037,00%;766;52.85659411011524;8466807.830000004;97 days, 23 hours, 53 minutes, 27.830000003799796 seconds;3;51
OneCoolMan;e8ewozp8;279;273;6;456;384;72;320;13;3;12;27;8;19;0;5;9;038,46%;338;118;23;18;6;082.54%;061,18%;893;34.58771929824562;424900.09400000004;4 days, 22 hours, 1 minute, 40.09400000004098 seconds;4;0
Slevanas;18qkl78n;402;300;102;1000;748;252;482;27;16;26;112;25;87;0;22;23;081,48%;503;497;67;13;5;079.92%;040,2%;1263;19.253;737852.3640000022;8 days, 12 hours, 57 minutes, 32.36400000215508 seconds;7;0
Tegron;jmo29wy8;283;191;92;1175;579;596;589;134;41;120;311;61;250;0;56;97;041,79%;727;448;197;109;47;038.92%;024,08%;250;11.694468085106383;835650.7670000001;9 days, 16 hours, 7 minutes, 30.767000000108965 seconds;14;329
HowDenKing;68wk0748;272;259;13;635;517;118;440;60;37;34;103;54;49;0;28;36;046,66%;519;116;112;56;16;052.40%;042,83%;491;27.89763779527559;399418.7749999999;4 days, 14 hours, 56 minutes, 58.77499999990687 seconds;18;3
Lezzy;jo3ko0lj;465;383;82;733;538;195;587;9;4;8;38;7;31;0;4;6;044,44%;609;124;88;34;5;076.35%;063,43%;274;14.663028649386085;23481.215;6 hours, 31 minutes, 21.215000000000146 seconds;3;0
qwertylool;5j5vv4w8;274;264;10;460;437;23;293;13;11;4;23;14;9;0;10;11;076,92%;297;163;19;0;0;092.25%;059,56%;575;16.67608695652174;254997.17199999987;2 days, 22 hours, 49 minutes, 57.17199999987497 seconds;7;132
PlatonicGuy;0jmdlgej;291;290;1;683;653;30;394;13;12;5;19;14;5;0;7;12;053,84%;413;270;77;26;9;070.46%;042,60%;665;56.00732064421669;30144818.98400002;348 days, 21 hours, 33 minutes, 38.98400001972914 seconds;6;75
TRLittleToaster;8qzo95o8;386;321;65;2599;1434;1165;990;1741;939;831;1988;999;989;0;243;702;013,95%;2530;69;338;266;246;015.25%;014,85%;779;28.09349749903809;809468.3019999977;9 days, 8 hours, 51 minutes, 8.30199999769684 seconds;21;75
Ben_eXceL;x3557mqj;250;228;22;819;707;112;486;46;19;37;118;51;67;0;18;29;039,13%;591;228;167;69;31;042.30%;030,52%;307;7.650793650793651;222166.52700000006;2 days, 13 hours, 42 minutes, 46.52700000006007 seconds;8;111
VegetaTheSaiyan8;jo3lnr3j;232;198;34;730;574;156;319;18;12;17;73;29;44;0;15;16;083,33%;396;334;65;22;35;058.58%;031,78%;304;16.14109589041096;65236.65600000006;18 hours, 7 minutes, 16.656000000060885 seconds;3;0
alex2007;0jmg73oj;307;263;44;389;307;82;323;9;6;7;39;8;31;0;4;6;044,44%;336;53;10;6;4;091.36%;078,92%;334;6.223650385604113;26848734.467999995;310 days, 17 hours, 58 minutes, 54.46799999475479 seconds;2;0
gotutiyan;jp4odpkj;279;235;44;369;277;92;331;12;6;11;65;8;57;0;11;12;091,66%;333;36;37;15;1;083.78%;075,60%;277;14.88888888888889;49350.402000000024;13 hours, 42 minutes, 30.40200000002369 seconds;3;0
Thomastd;jp4zqwyj;207;188;19;356;295;61;288;4;2;4;20;11;9;0;4;4;0100,0%;293;63;63;18;3;070.64%;058,14%;320;5.129213483146067;88831.96500000013;1 day, 40 minutes, 31.965000000127475 seconds;2;0
WagnerBrasil;qxkm272j;247;164;83;720;533;187;411;41;16;38;102;24;78;0;24;31;058,53%;463;257;126;38;17;053.34%;034,30%;654;52.705555555555556;337289.27600000007;3 days, 21 hours, 41 minutes, 29.27600000007078 seconds;10;224
Winslinator;1xy7pnxr;218;154;64;821;535;286;344;52;7;51;107;10;97;0;32;44;061,53%;384;437;82;44;17;056.77%;026,55%;1491;39.68818514007308;361349.18299999996;4 days, 4 hours, 22 minutes, 29.182999999960884 seconds;9;83
Jaaay;x7q663v8;276;269;7;523;491;32;333;19;14;9;39;22;17;0;11;15;057,89%;354;169;49;8;7;077.96%;052,77%;1996;40.37093690248566;166253.61000000004;1 day, 22 hours, 10 minutes, 53.61000000004424 seconds;4;0
amazingpikachu_37;v81qg15j;236;234;2;325;315;10;242;12;8;5;18;13;5;0;8;9;066,66%;246;79;4;2;2;095.93%;072,61%;198;9.796923076923077;9759.967;2 hours, 42 minutes, 39.96700000000055 seconds;4;0
InsaneJetman;qjnlzwdx;244;232;12;361;341;20;252;10;5;9;22;8;14;0;7;8;070,0%;260;101;7;1;2;093.84%;067,59%;684;25.094182825484765;33642.658000000025;9 hours, 20 minutes, 42.65800000002491 seconds;3;225
Lew;pj0045wj;161;119;42;583;359;224;315;30;18;19;93;48;45;0;11;23;036,66%;404;179;115;39;24;039.85%;027,61%;211;16.53173241852487;200680.85099999997;2 days, 7 hours, 44 minutes, 40.85099999996601 seconds;9;29
Uniwersal;0jm4lznj;220;196;24;660;558;102;281;9;6;7;43;15;28;0;7;9;077,77%;296;364;43;18;4;074.32%;033,33%;1712;79.9030303030303;287368.419;3 days, 7 hours, 49 minutes, 28.418999999994412 seconds;1;0
Alexo;e8ez0lp8;210;129;81;885;357;528;376;38;13;38;125;36;89;0;15;29;039,47%;494;391;102;64;34;042.51%;023,72%;698;49.52316384180791;636330.0740000004;7 days, 8 hours, 45 minutes, 30.074000000371598 seconds;20;174
Eclipsed;v813edlx;193;185;8;448;378;70;232;26;13;16;36;18;18;0;11;16;042,30%;247;201;31;8;6;078.13%;043,08%;1317;15.689732142857142;84967.30900000001;23 hours, 36 minutes, 7.309000000008382 seconds;4;9
Sirbrute;kj9n06v8;210;199;11;445;400;45;233;8;4;7;24;9;15;0;6;7;075,0%;251;194;18;5;5;083.66%;047,19%;552;12.047191011235956;107755.002;1 day, 5 hours, 55 minutes, 55.00199999999313 seconds;2;0
Mortar;18q99rdj;200;195;5;432;418;14;268;11;10;4;19;13;6;0;8;10;072,72%;284;148;52;16;6;070.42%;046,29%;289;9.875;24489.195999999996;6 hours, 48 minutes, 9.195999999996275 seconds;2;0
Cytruss;qjnqro2j;197;148;49;1028;541;487;386;359;151;227;510;163;347;0;21;75;005,84%;877;151;82;107;68;022.46%;019,16%;484;14.988326848249027;120240.108;1 day, 9 hours, 24 minutes, 0.10799999999289867 seconds;10;24
Msbmteam;0jm0k3o8;214;204;10;420;391;29;253;7;6;4;21;9;12;0;3;5;042,85%;260;160;22;17;2;082.30%;050,95%;1061;125.96190476190476;49694.57300000002;13 hours, 48 minutes, 14.57300000001851 seconds;2;1
THiEF_HD209;j2y6v5o8;333;270;63;944;725;219;505;31;14;25;91;40;51;0;13;18;041,93%;594;350;114;58;33;056.06%;035,27%;681;26.552966101694917;256320.013;2 days, 23 hours, 12 minutes, 0.013000000006286427 seconds;14;24
BellumZeldaDS;18q3o3dj;154;102;52;855;649;206;445;54;25;47;131;44;87;0;23;29;042,59%;696;159;152;139;67;022.12%;018,01%;369;10.653801169590643;1753993.0990000002;20 days, 7 hours, 13 minutes, 13.09900000016205 seconds;17;50
YTKoopaPlayer;j2y4p6o8;213;212;1;478;451;27;396;20;12;9;42;28;14;0;11;15;055,00%;448;30;142;41;28;047.54%;044,56%;236;11.188284518828452;198052.53699999995;2 days, 7 hours, 52.53699999995297 seconds;7;71
Billy_Bob;1xypq3yx;226;213;13;308;257;51;245;7;5;6;29;14;15;0;6;7;085,71%;251;57;15;4;2;090.03%;073,37%;247;8.275974025974026;101396.61499999999;1 day, 4 hours, 9 minutes, 56.61499999999069 seconds;3;13
CallBal;v8lq05vx;224;224;0;682;682;0;261;7;7;0;45;45;0;0;6;7;085,71%;274;408;27;10;4;081.75%;032,84%;394;33.240469208211145;43205.530000000006;12 hours, 5.530000000006112 seconds;4;0
GroMic;8l0kq1v8;108;108;0;794;794;0;251;9;9;0;21;21;0;0;5;7;055,55%;296;498;121;22;14;036.48%;013,60%;305;4.692695214105793;52889.17899999997;14 hours, 41 minutes, 29.178999999967346 seconds;3;0
vanishfournumbers;j2wwlm6j;192;192;0;1518;1444;74;698;11;6;6;28;9;19;0;3;4;027,27%;1349;169;313;193;179;014.23%;012,64%;205;1.2299077733860342;63467.02299999993;17 hours, 37 minutes, 47.02299999992829 seconds;3;36
debiangamer256;qjngr448;156;127;29;536;349;187;240;45;17;34;88;21;67;0;21;35;046,66%;276;260;60;24;9;056.52%;029,10%;1594;5.55410447761194;139738.66999999998;1 day, 14 hours, 48 minutes, 58.6699999999837 seconds;5;1
Shinboy;8wl7yovj;1060;967;93;1713;1500;213;1092;11;10;6;48;25;23;0;10;11;090,90%;1102;611;31;1;0;096.18%;061,87%;782;14.412726211325161;82417.36300000007;22 hours, 53 minutes, 37.363000000070315 seconds;6;5
JDMI;j92266v8;740;699;41;1123;1018;105;888;63;47;25;120;72;48;0;41;50;065,07%;931;192;116;32;22;079.48%;065,89%;219;6.29919857524488;54874.233999999786;15 hours, 14 minutes, 34.23399999978574 seconds;2;0
7H3;v81ggnp8;169;140;29;1153;401;752;354;179;42;148;440;57;383;0;10;49;005,58%;1056;97;105;80;83;016.00%;014,65%;384;14.820468343451864;248922.86300000007;2 days, 21 hours, 8 minutes, 42.863000000070315 seconds;17;7
Luvbaseball58;kjp4zn4j;119;87;32;1545;570;975;406;154;48;144;426;59;367;0;44;103;028,57%;947;598;164;123;103;012.56%;007,70%;775;30.381229773462785;2290924.123;26 days, 12 hours, 22 minutes, 4.123000000137836 seconds;14;840
Nordicboa;98r4z3j1;87;87;0;1332;1246;86;147;5;3;3;31;7;24;0;1;2;020,0%;210;1122;39;21;9;041.42%;006,53%;232;29.28228228228228;282714.4759999998;3 days, 6 hours, 31 minutes, 54.475999999791384 seconds;2;4
Elims;qjoqz4e8;245;198;47;1539;837;702;572;166;85;101;317;114;203;0;43;72;025,90%;1085;454;210;117;69;022.58%;015,91%;774;33.49447693307342;314326.726;3 days, 15 hours, 18 minutes, 46.726000000024214 seconds;13;5
Dawgup;zxz7ew9j;291;274;17;1233;859;374;530;84;19;77;216;43;173;0;8;25;009,52%;859;374;156;83;41;033.87%;023,60%;1941;30.686131386861312;1125156.5959999997;13 days, 32 minutes, 36.59599999967031 seconds;6;1
WiiSuper;48g562yj;261;234;27;1578;1024;554;549;43;17;42;135;40;95;0;15;28;034,88%;768;810;180;108;65;033.98%;016,53%;1064;21.275031685678073;4269810.453000002;49 days, 10 hours, 3 minutes, 30.453000001609325 seconds;8;16
GamingLand;68wg45zx;17;4;13;1081;286;795;88;63;15;58;229;27;202;0;6;20;009,52%;638;443;32;39;57;002.66%;001,57%;823;28.397779833487512;1217459.259;14 days, 2 hours, 10 minutes, 59.25900000007823 seconds;15;84
Nimputs;qxko0280;75;52;23;1264;828;436;257;54;24;46;160;52;108;0;16;30;029,62%;806;458;88;94;81;009.30%;005,93%;1316;50.64477848101266;1239306.923000002;14 days, 8 hours, 15 minutes, 6.923000002047047 seconds;12;21
Reni;8l0rl9v8;364;307;57;1930;982;948;914;261;90;197;510;129;381;0;50;132;019,15%;1587;343;375;175;100;022.93%;018,86%;519;12.487046632124352;179183.04599999997;2 days, 1 hour, 46 minutes, 23.04599999997299 seconds;13;73
afnannen136;48g92r2x;61;39;22;1168;551;617;297;262;27;248;400;41;359;0;16;51;006,10%;821;347;113;123;97;007.42%;005,22%;1386;36.951198630136986;512107.4149999998;5 days, 22 hours, 15 minutes, 7.414999999804422 seconds;9;0
_pandito_;qxk7rz6j;26;24;2;1048;1044;4;254;3;1;2;3;1;2;0;3;3;0100,0%;407;641;115;113;80;006.38%;002,48%;82;0.21374045801526717;7459.732000000003;2 hours, 4 minutes, 19.7320000000027 seconds;1;0
Rallis;eo86lp8z;86;58;28;1025;582;443;251;62;22;55;146;39;107;0;18;41;029,03%;453;572;97;68;47;018.98%;008,39%;530;42.55024390243902;908831.6490000004;10 days, 12 hours, 27 minutes, 11.649000000441447 seconds;20;162
Shiro;18v46ky8;174;174;0;1087;1087;0;486;1;1;0;1;1;0;0;1;1;0100,0%;586;501;208;104;47;029.69%;016,00%;150;9.700091996320147;6144.600000000009;1 hour, 42 minutes, 24.60000000000855 seconds;1;0
smartalec24;zxzygl4j;22;0;22;1093;45;1048;92;534;4;534;594;6;588;0;19;84;003,55%;621;472;31;39;28;003.54%;002,01%;632;49.2067703568161;1988257.4699999988;23 days, 17 minutes, 37.46999999880791 seconds;32;44
DarQ;5j51v3w8;59;41;18;915;510;405;381;94;14;87;252;43;209;0;12;26;012,76%;794;121;212;110;40;007.43%;006,44%;807;11.486338797814208;297251.94600000023;3 days, 10 hours, 34 minutes, 11.946000000229105 seconds;22;62
Yuidesu;48gn04pj;272;156;116;847;486;361;493;10;4;8;64;8;56;0;7;8;070,0%;679;168;124;97;54;040.05%;032,11%;1019;54.2443919716647;2057162.6999999993;23 days, 19 hours, 26 minutes, 2.699999999254942 seconds;1;1
Dugongue;y8d3z5x6;91;61;30;923;328;595;308;304;28;282;510;49;461;0;30;109;009,86%;867;56;126;91;82;010.49%;009,85%;147;4.962080173347779;708616.0289999995;8 days, 4 hours, 50 minutes, 16.02899999951478 seconds;24;286
Cyberdemon531;61xygzxr;113;82;31;819;225;594;229;109;17;107;202;37;165;0;22;52;020,18%;408;411;62;54;36;027.69%;013,79%;604;18.96825396825397;3693549.805000001;42 days, 17 hours, 59 minutes, 9.80500000109896 seconds;13;84
meauxdal;dx3p0ok8;83;73;10;902;755;147;143;22;16;12;50;24;26;0;8;13;036,36%;226;676;50;10;10;036.72%;009,20%;726;175.65521064301552;390675.5140000004;4 days, 12 hours, 31 minutes, 15.514000000373926 seconds;11;23
NachoBrado;v81ke2rj;30;24;6;892;663;229;168;26;6;23;69;14;55;0;7;11;026,92%;354;538;80;58;22;008.47%;003,36%;449;34.86883408071749;1068336.6280000014;12 days, 8 hours, 45 minutes, 36.62800000142306 seconds;13;27
Vapo;o864zm0j;106;94;12;1018;595;423;186;20;9;16;70;21;49;0;8;12;040,0%;327;691;53;27;26;032.41%;010,41%;638;57.316306483300586;1611030.4769999995;18 days, 15 hours, 30 minutes, 30.476999999489635 seconds;6;0
Ianwubby;kjp4rk4j;145;117;28;855;564;291;192;29;12;27;81;22;59;0;11;18;037,93%;227;628;33;14;7;063.87%;016,95%;538;50.10175438596491;805711.5490000009;9 days, 7 hours, 48 minutes, 31.54900000093039 seconds;8;101
NihilistComedyHour;qxk6eok8;141;119;22;893;337;556;318;289;26;273;445;51;394;0;22;72;007,61%;697;196;107;70;54;020.22%;015,78%;508;17.977603583426653;440107.69599999976;5 days, 2 hours, 15 minutes, 7.695999999763444 seconds;19;574
andypanther;dx3vw68l;23;23;0;896;831;65;44;13;9;10;44;19;25;0;2;5;015,38%;312;584;15;6;7;007.37%;002,56%;321;28.260044642857142;223196.59899999975;2 days, 13 hours, 59 minutes, 56.5989999997546 seconds;3;4
Mipha;0jm3r3z8;203;139;64;957;444;513;407;62;28;57;167;46;121;0;24;48;038,70%;530;427;152;52;34;038.30%;021,21%;644;21.09090909090909;1008760.7129999993;11 days, 16 hours, 12 minutes, 40.71299999929033 seconds;7;0
Mumu_Didi;dx33m6kx;76;56;20;861;666;195;282;47;11;44;103;22;81;0;14;22;029,78%;416;445;123;83;43;018.26%;008,82%;683;21.821138211382113;315871.63400000014;3 days, 15 hours, 44 minutes, 31.63400000013644 seconds;6;126
Yumashev;zxze4nnx;68;60;8;611;386;225;279;30;3;29;65;8;57;0;6;13;020,0%;423;188;105;106;49;016.07%;011,12%;250;20.947626841243864;314962.366;3 days, 15 hours, 29 minutes, 22.365999999979977 seconds;5;136
Really_Tall;qjooe3j6;124;118;6;775;683;92;227;19;9;16;42;19;23;0;10;12;052,63%;263;512;93;10;5;047.14%;016,0%;1974;53.001290322580644;283572.6579999993;3 days, 6 hours, 46 minutes, 12.657999999297317 seconds;9;1
Kaopoke;y8dwr45j;18;18;0;951;945;6;167;5;3;2;13;11;2;0;1;3;020,0%;333;618;56;93;77;005.40%;001,89%;146;0.3911671924290221;127265.27599999997;1 day, 11 hours, 21 minutes, 5.275999999968917 seconds;1;0
Peanutfan22;1xykryz8;170;16;154;816;61;755;368;253;17;246;451;32;419;0;58;136;022,92%;616;200;113;85;51;027.59%;020,83%;414;64.66911764705883;921558.7409999998;10 days, 15 hours, 59 minutes, 18.740999999805354 seconds;27;619
bendersrus;18qwrkw8;269;176;93;1082;561;521;468;36;19;31;139;34;105;0;21;30;058,33%;650;432;92;107;68;041.38%;024,86%;692;62.32902033271719;510917.1149999998;5 days, 21 hours, 55 minutes, 17.114999999816064 seconds;5;1
dha;kj9p77x4;270;118;152;1047;413;634;457;123;17;117;219;21;198;0;98;118;079,67%;603;444;111;76;40;044.77%;025,78%;1401;69.74880611270297;364249.5929999998;4 days, 5 hours, 10 minutes, 49.59299999981886 seconds;8;24
baldnate;kj9yg2wx;157;0;157;762;11;751;291;234;2;233;348;3;345;0;80;141;034,18%;443;319;85;49;32;035.44%;020,60%;286;42.63910761154855;592235.7440000001;6 days, 20 hours, 30 minutes, 35.74400000006426 seconds;29;299
DracaarysTrophy;18qg9ndx;20;8;12;664;170;494;85;92;19;82;392;23;369;0;10;28;010,86%;604;60;25;40;57;003.31%;003,01%;484;21.704819277108435;100750.15199999991;1 day, 3 hours, 59 minutes, 10.151999999914551 seconds;4;0
SBells27;zxz0gw98;3;3;0;725;725;0;17;1;1;0;1;1;0;0;1;1;0100,0%;345;380;8;6;10;000.86%;000,41%;197;5.289655172413793;5575.9;1 hour, 32 minutes, 55.899999999999636 seconds;1;0
MarioMario7829;xz925r48;46;38;8;851;616;235;171;30;17;27;82;26;56;0;11;17;036,66%;323;528;67;58;25;014.24%;005,40%;631;61.95534665099883;154166.713;1 day, 18 hours, 49 minutes, 26.712999999988824 seconds;5;9
MXF;qxkpk69j;303;295;8;721;660;61;429;37;37;9;54;39;15;0;34;37;091,89%;446;275;95;31;11;067.93%;042,02%;228;10.159500693481275;202028.67999999918;2 days, 8 hours, 7 minutes, 8.679999999178108 seconds;1;719
Tenka;v81pk5q8;96;67;29;903;405;498;284;66;17;66;155;35;120;0;30;52;045,45%;360;543;145;43;27;026.66%;010,63%;774;51.18493909191584;676852.9719999998;7 days, 20 hours, 52.971999999834225 seconds;17;557
diggity;qjoz6gn8;125;95;30;956;654;302;291;66;20;60;124;33;91;0;20;35;030,30%;666;290;77;89;72;018.76%;013,07%;1844;56.1663179916318;428379.3159999999;4 days, 22 hours, 59 minutes, 39.3159999998752 seconds;6;76
LunaSpeed;qjo95lej;127;76;51;857;235;622;205;78;28;70;174;33;141;0;26;43;033,33%;324;533;52;26;21;039.19%;014,81%;2000;77.19836639439907;2662365.2760000005;30 days, 19 hours, 32 minutes, 45.27600000053644 seconds;8;2
InprisonedShadow;kj9r0wj4;247;171;76;983;741;242;365;45;11;42;99;25;74;0;11;18;024,44%;537;446;52;66;44;045.99%;025,12%;746;54.33367243133266;829766.9030000004;9 days, 14 hours, 29 minutes, 26.903000000398606 seconds;13;94
manticor5;7j4ndywx;152;0;152;899;0;899;288;99;0;99;239;0;239;0;58;84;058,58%;352;547;85;51;14;043.18%;016,90%;1108;72.27363737486095;1174586.829000001;13 days, 14 hours, 16 minutes, 26.829000001074746 seconds;7;897
MortimerNova;8ger577j;134;84;50;807;411;396;315;468;155;317;522;178;344;0;72;143;015,38%;757;50;130;51;69;017.70%;016,60%;236;8.816604708798017;298162.02000000025;3 days, 10 hours, 49 minutes, 22.020000000251457 seconds;27;202
Vakala;48g4mnp8;115;107;8;681;462;219;228;22;10;17;84;21;63;0;8;10;036,36%;462;219;62;51;37;024.89%;016,88%;528;23.19970631424376;144731.07400000002;1 day, 16 hours, 12 minutes, 11.074000000022352 seconds;3;0
DylCat;v81o6wlx;139;105;34;868;636;232;193;29;15;23;67;24;43;0;17;24;058,62%;215;653;33;21;8;064.65%;016,01%;557;27.47811059907834;163352.07799999986;1 day, 21 hours, 22 minutes, 32.077999999863096 seconds;10;74
StarrlightSims;p18vvn8l;127;119;8;661;449;212;331;88;46;50;119;47;72;0;42;71;047,72%;409;252;131;73;27;031.05%;019,21%;302;14.264750378214826;1072609.8609999998;12 days, 9 hours, 56 minutes, 49.8609999998007 seconds;15;492
Tomatobird8;qjopronx;186;167;19;692;539;153;350;81;60;41;116;65;51;0;46;70;056,79%;427;265;112;52;32;043.55%;026,87%;380;22.583815028901736;503289.5490000004;5 days, 19 hours, 48 minutes, 9.549000000406522 seconds;4;673
RitaH;98rzez3x;223;108;115;360;117;243;312;219;13;216;238;18;220;0;109;183;049,77%;355;5;55;34;12;062.81%;061,94%;505;21.961111111111112;411530.52;4 days, 18 hours, 18 minutes, 50.52000000001863 seconds;10;320
NerdyNester;qjnzo1wj;130;46;84;696;106;590;307;180;20;179;338;50;288;0;52;102;028,88%;472;224;118;59;39;027.54%;018,67%;382;36.10632183908046;590944.353;6 days, 20 hours, 9 minutes, 4.353000000002794 seconds;39;163
DBcade;zxzzvlrx;413;17;396;773;34;739;666;377;9;376;496;10;486;0;232;332;061,53%;749;24;165;88;34;055.14%;053,42%;1769;295.27943078913324;595411.635;6 days, 21 hours, 23 minutes, 31.635000000009313 seconds;37;382
TheNameless;j5wg15wj;115;87;28;578;368;210;234;92;57;60;157;72;85;0;46;66;050,0%;366;212;63;56;35;031.42%;019,89%;387;33.84256055363322;60510.632000000005;16 hours, 48 minutes, 30.632000000005064 seconds;4;5
Act_;j51p0268;501;452;49;2108;1677;431;1363;332;196;162;505;259;246;0;94;174;028,31%;2034;74;578;284;194;024.63%;023,76%;353;32.30550284629981;75053.58600000007;20 hours, 50 minutes, 53.58600000006845 seconds;8;4
Flutter;kjpm0r4j;9;0;9;150;3;147;19;92;1;91;106;1;105;0;6;14;006,52%;116;34;4;6;2;007.75%;006,0%;1144;32.42;40835.417000000016;11 hours, 20 minutes, 35.41700000001583 seconds;15;19
Maximum;qjo9k3j6;38;21;17;736;248;488;136;36;13;35;98;17;81;0;14;24;038,88%;285;451;48;50;24;013.33%;005,16%;1185;51.797554347826086;268725.21400000015;3 days, 2 hours, 38 minutes, 45.21400000015274 seconds;7;8
swordsmankirby;0jml3y81;33;5;28;552;5;547;47;49;1;49;78;1;77;0;21;31;042,85%;91;461;7;7;12;036.26%;005,97%;169;7.523550724637682;1664722.9100000001;19 days, 6 hours, 25 minutes, 22.91000000014901 seconds;19;19
MarvJungs;v8lyv4jm;14;12;2;512;79;433;46;62;23;55;113;23;90;0;12;24;019,35%;155;357;15;17;14;009.03%;002,73%;558;52.9453125;3876629.1979999994;44 days, 20 hours, 50 minutes, 29.197999999392778 seconds;10;384
toca;98rk96x1;103;81;22;585;201;384;136;32;7;32;57;12;45;0;14;24;043,75%;152;433;25;8;2;067.76%;017,60%;385;34.365811965811965;1668282.23;19 days, 7 hours, 24 minutes, 42.22999999998137 seconds;11;56
Tech;qjo22ke8;156;138;18;692;440;252;184;39;10;35;78;15;63;0;12;20;030,76%;225;467;14;14;6;069.33%;022,54%;797;126.21098265895954;1259583.8920000005;14 days, 13 hours, 53 minutes, 3.8920000004582107 seconds;9;13
Tron_Javolta;dx35zg7j;106;100;6;523;355;168;198;38;20;24;73;26;47;0;8;20;021,05%;313;210;51;41;20;033.86%;020,26%;355;33.749521988527725;468331.891;5 days, 10 hours, 5 minutes, 31.89100000000326 seconds;10;44
Deln;qj2yyn8k;43;22;21;415;147;268;121;112;16;107;159;20;139;0;18;48;016,07%;267;148;48;30;19;016.10%;010,36%;337;21.26987951807229;2677648.1409999994;30 days, 23 hours, 47 minutes, 28.140999999362975 seconds;20;59
Wipeoutjack7;v81md938;17;2;15;293;47;246;55;52;14;44;115;17;98;0;10;24;019,23%;158;135;19;19;13;010.75%;005,80%;403;32.569965870307165;234839.16999999995;2 days, 17 hours, 13 minutes, 59.1699999999546 seconds;10;45
LilJapKid;8qz33108;154;132;22;775;614;161;304;24;4;22;52;14;38;0;5;10;020,83%;441;334;101;49;29;034.92%;019,87%;1977;14.981935483870968;58349.83599999997;16 hours, 12 minutes, 29.83599999996659 seconds;4;4
Perna64;98rv2rdj;446;437;9;945;853;92;714;11;3;9;37;7;30;0;2;3;018,18%;829;116;205;63;42;053.79%;047,19%;217;2.1566137566137566;158496.19700000007;1 day, 20 hours, 1 minute, 36.197000000072876 seconds;5;118
chryoyo;98rlreq8;2;0;2;147;1;146;28;72;1;71;84;1;83;0;2;28;002,77%;88;59;16;10;12;002.27%;001,36%;697;48.08843537414966;80116.23;22 hours, 15 minutes, 16.229999999995925 seconds;3;12
RPHXX;98rveeqj;389;374;15;672;604;68;508;3;1;3;17;4;13;0;1;1;033,33%;537;135;91;28;11;072.43%;057,88%;50;0.07738095238095238;25933.602000000006;7 hours, 12 minutes, 13.602000000006228 seconds;3;0
HIKARU;zx7pe96x;80;51;29;489;160;329;139;118;32;101;215;52;163;0;28;44;023,72%;331;158;38;21;22;024.16%;016,35%;737;62.0040899795501;422294.3249999996;4 days, 21 hours, 18 minutes, 14.324999999604188 seconds;16;160
_-_STAR_fox_-_;1xy1pmxr;3;1;2;182;14;168;27;80;5;75;91;5;86;0;3;23;003,75%;100;82;11;13;12;003.0%;001,64%;295;48.74175824175824;95414.38100000004;1 day, 2 hours, 30 minutes, 14.381000000037602 seconds;15;38
Storster;98rre381;19;2;17;565;107;458;56;87;5;84;170;5;165;0;11;25;012,64%;206;359;16;21;12;009.22%;003,36%;324;34.03893805309735;1366381.8689999995;15 days, 19 hours, 33 minutes, 1.8689999994821846 seconds;13;48
robthegamer115;v81qk3jp;6;3;3;212;30;182;44;71;3;71;112;3;109;0;4;19;005,63%;145;67;23;15;12;004.13%;002,83%;469;72.83962264150944;3323270.9159999997;38 days, 11 hours, 7 minutes, 50.915999999735504 seconds;16;23
JSR_;qjop9nnx;27;0;27;334;1;333;73;195;1;195;224;1;223;0;25;67;012,82%;232;102;31;15;20;011.63%;008,08%;572;151.374251497006;894717.0140000001;10 days, 8 hours, 31 minutes, 57.01400000008289 seconds;33;6
FrostySR;j4rl00w8;203;144;59;696;401;295;365;215;123;117;341;143;198;0;44;87;020,46%;628;68;91;71;47;032.32%;029,16%;1174;75.75718390804597;351587.74600000016;4 days, 1 hour, 39 minutes, 47.746000000159256 seconds;15;20
Majineta;jn3vl7dx;54;53;1;128;91;37;66;11;7;8;21;11;10;0;7;10;063,63%;69;59;11;1;2;078.26%;042,18%;285;14.3984375;116919.69500000004;1 day, 8 hours, 28 minutes, 39.69500000003609 seconds;8;72
JuegAriel;68wk9eq8;14;0;14;422;2;420;54;216;2;214;262;2;260;0;12;47;005,55%;274;148;20;20;12;005.10%;003,31%;949;169.46445497630333;1549745.582;17 days, 22 hours, 29 minutes, 5.58199999993667 seconds;21;266
authorblues;7j424wx1;24;0;24;348;9;339;80;198;2;198;230;3;227;0;22;69;011,11%;239;109;28;28;20;010.04%;006,89%;540;11.21264367816092;729738.5199999999;8 days, 10 hours, 42 minutes, 18.51999999990221 seconds;23;10
FlannelKat;qxko7rm8;24;0;24;147;0;147;50;91;0;91;96;0;96;0;19;43;020,87%;101;46;16;10;4;023.76%;016,32%;300;79.42857142857143;341447.04000000004;3 days, 22 hours, 50 minutes, 47.04000000003725 seconds;22;45
PeterAfro;18vk7vjl;41;1;40;523;57;466;132;149;6;147;196;15;181;0;29;62;019,46%;270;253;54;37;21;015.18%;007,83%;272;30.803059273422562;927888.3410000001;10 days, 17 hours, 44 minutes, 48.34100000013132 seconds;15;196
drgrumble;48grel1x;52;29;23;455;260;195;156;86;26;68;116;29;87;0;24;49;027,90%;281;174;62;42;36;018.50%;011,42%;873;74.79120879120879;498270.0569999998;5 days, 18 hours, 24 minutes, 30.05699999979697 seconds;2;0
Oxknifer;68wlgyzj;191;126;65;726;346;380;414;108;18;102;180;30;150;0;38;69;035,18%;528;198;161;62;32;036.17%;026,30%;1996;120.81129476584022;253697.0239999998;2 days, 22 hours, 28 minutes, 17.023999999801163 seconds;4;6
bluerapids12;qxk2z16x;34;32;2;350;277;73;134;78;49;36;119;69;50;0;12;29;015,38%;288;62;73;27;24;011.80%;009,71%;227;5.388571428571429;53295.19399999997;14 hours, 48 minutes, 15.193999999966763 seconds;23;56
Bat;18vkemyj;57;11;46;524;54;470;118;85;10;80;162;15;147;0;23;41;027,05%;236;288;33;28;15;024.15%;010,87%;404;59.23664122137404;282068.2780000001;3 days, 6 hours, 21 minutes, 8.278000000107568 seconds;15;17
Oreo321;kj904grj;235;206;29;727;528;199;421;64;24;57;114;31;83;0;29;59;045,31%;460;267;144;42;16;051.08%;032,32%;534;68.20495185694635;125368.81099999996;1 day, 10 hours, 49 minutes, 28.810999999957858 seconds;4;4
WhatsFrog;x352kyej;74;44;30;464;142;322;152;108;23;94;189;28;161;0;21;41;019,44%;366;98;45;33;28;020.21%;015,94%;312;28.89439655172414;53759.31200000001;14 hours, 55 minutes, 59.31200000001263 seconds;4;7
PullMatrox;o86r2r38;476;216;260;704;308;396;604;218;68;159;354;79;275;0;154;202;070,64%;652;52;91;37;17;073.00%;067,61%;902;87.171875;3257246.4550000005;37 days, 16 hours, 47 minutes, 26.455000000540167 seconds;28;123
funado;x3ql5n7j;268;215;53;1387;942;445;773;194;52;151;298;69;229;0;56;106;028,86%;1190;197;361;144;94;022.52%;019,32%;203;18.77577505407354;109746.30800000002;1 day, 6 hours, 29 minutes, 6.308000000019092 seconds;9;159
victu;8e9elodj;54;15;39;175;39;136;106;70;15;60;103;17;86;0;27;47;038,57%;145;30;26;26;12;037.24%;030,85%;415;64.65142857142857;34656.37100000001;9 hours, 37 minutes, 36.37100000000646 seconds;14;80
TDP_320;x35l7pkj;9;3;6;328;104;224;45;103;38;78;177;44;133;0;6;17;005,82%;257;71;23;13;12;003.50%;002,74%;519;33.8719512195122;32471.00300000001;9 hours, 1 minute, 11.003000000011525 seconds;6;0
Sundex;qxk6wl28;56;5;51;444;74;370;159;100;5;99;156;6;150;0;32;71;032,0%;265;179;72;31;22;021.13%;012,61%;1912;50.898648648648646;151470.78300000002;1 day, 18 hours, 4 minutes, 30.783000000024913 seconds;7;4
Zennan;qj2lgw7x;13;3;10;725;89;636;72;66;13;65;151;17;134;0;8;22;012,12%;246;479;19;40;20;005.28%;001,79%;903;76.41931034482758;552915.7939999996;6 days, 9 hours, 35 minutes, 15.793999999645166 seconds;17;24
RubberDuckyAssassin;7j4v6dj1;111;5;106;665;95;570;187;49;5;48;144;13;131;0;17;23;034,69%;303;362;42;34;31;036.63%;016,69%;414;38.22406015037594;4387643.176000001;50 days, 18 hours, 47 minutes, 23.17600000090897 seconds;12;17
astrolite;j0n55mr8;745;728;17;1818;1679;139;1586;96;71;45;201;132;69;0;54;75;056,25%;1777;41;630;211;80;041.92%;040,97%;676;36.96974697469747;251028.092;2 days, 21 hours, 43 minutes, 48.09200000000419 seconds;7;9
JeelSpeed;jpre35y8;310;274;36;2271;1731;540;1308;179;113;72;250;133;117;0;23;44;012,84%;2213;58;579;419;277;014.00%;013,65%;340;29.94627917217085;37622.01199999958;10 hours, 27 minutes, 2.011999999580439 seconds;4;60
4d9r;x35yq46j;788;751;37;1256;1114;142;956;52;24;45;136;53;83;0;28;39;053,84%;1074;182;126;42;26;073.37%;062,73%;1575;54.82006369426752;130107.21599999977;1 day, 12 hours, 8 minutes, 27.21599999976752 seconds;6;6
Rayquaza911;68wo13jg;82;20;62;534;93;441;162;144;3;144;181;5;176;0;51;96;035,41%;228;306;54;26;13;035.96%;015,35%;337;12.773408239700375;536949.402;6 days, 5 hours, 9 minutes, 9.402000000001863 seconds;13;114
NESCardinality;98r92381;95;0;95;351;0;351;134;91;0;91;157;0;157;0;53;72;058,24%;171;180;24;15;7;055.55%;027,06%;1716;82.21367521367522;1066598.4039999999;12 days, 8 hours, 16 minutes, 38.40399999986403 seconds;1;0
RantronBomb;kj929g78;5;0;5;178;1;177;28;152;1;151;167;1;166;0;5;26;003,28%;173;5;16;7;13;002.89%;002,80%;441;42.57303370786517;112053.907;1 day, 7 hours, 7 minutes, 33.90700000000652 seconds;6;32
Mattmatt;dx3g4k8l;57;9;48;355;30;325;95;98;6;96;130;6;124;0;31;56;031,63%;169;186;23;15;11;033.72%;016,05%;720;41.4;1834431.8199999998;21 days, 5 hours, 33 minutes, 51.81999999983236 seconds;14;44
Lyren;5j5v7lw8;133;60;73;581;199;382;237;84;22;81;135;25;110;0;50;70;059,52%;299;282;86;18;11;044.48%;022,89%;257;12.643717728055078;384256.969;4 days, 10 hours, 44 minutes, 16.96899999998277 seconds;4;16
GustavoPredador;zx7m7oyx;128;75;53;246;92;154;176;61;21;54;125;23;102;0;30;44;049,18%;222;24;30;18;13;057.65%;052,03%;1076;35.16260162601626;611689.693;7 days, 1 hour, 54 minutes, 49.6929999999702 seconds;10;105
P1ZZAC4T;kj9926nj;67;4;63;171;10;161;105;80;4;78;102;7;95;0;43;70;053,75%;118;53;23;15;5;056.77%;039,18%;755;77.47953216374269;570801.2660000001;6 days, 14 hours, 33 minutes, 21.266000000061467 seconds;15;124
Jorf;48g0o31x;65;14;51;128;15;113;87;76;2;74;81;2;79;0;51;70;067,10%;94;34;16;6;1;069.14%;050,78%;95;3.7265625;210647.1799999999;2 days, 10 hours, 30 minutes, 47.179999999905704 seconds;25;107
Daniel_1RD;qj2z3pjk;33;23;10;361;137;224;120;81;11;80;166;17;149;0;7;25;008,64%;325;36;52;35;20;010.15%;009,14%;851;32.14127423822715;1556198.085;18 days, 16 minutes, 38.08499999996275 seconds;9;46
adrianus;68w4znlx;16;0;16;190;30;160;53;74;2;73;86;2;84;0;13;42;017,56%;96;94;28;9;7;016.66%;008,42%;450;48.32105263157895;196494.95700000005;2 days, 6 hours, 34 minutes, 54.957000000053085 seconds;8;65
Sm_Izumi;7j4rq5v8;59;10;49;371;20;351;127;88;2;87;142;2;140;0;21;38;023,86%;234;137;43;25;28;025.21%;015,90%;279;26.393530997304584;563615.74;6 days, 12 hours, 33 minutes, 35.73999999999069 seconds;17;341
sWinTuZ;y8dz629j;101;31;70;399;138;261;214;115;29;95;166;37;129;0;44;68;038,26%;345;54;72;41;29;029.27%;025,31%;269;17.80200501253133;4707197.304000001;54 days, 11 hours, 33 minutes, 17.30400000140071 seconds;6;24
ivanpaduano;j96lp57j;128;13;115;236;20;216;161;98;3;98;159;4;155;0;77;92;078,57%;170;66;30;3;5;075.29%;054,23%;352;52.75847457627118;176812.7460000001;2 days, 1 hour, 6 minutes, 52.74600000010105 seconds;9;228
Bregermann;zxzyrm0j;89;17;72;569;71;498;159;133;7;131;233;8;225;0;37;67;027,81%;317;252;44;26;21;028.07%;015,64%;1275;72.2688927943761;3945340.7369999993;45 days, 15 hours, 55 minutes, 40.73699999926612 seconds;19;51
Thebpg13;18qr7qjn;185;23;162;680;76;604;297;142;10;139;240;17;223;0;61;101;042,95%;381;299;85;27;27;048.55%;027,20%;1192;230.1764705882353;2951799.074;34 days, 3 hours, 56 minutes, 39.07400000002235 seconds;16;259
jackzfiml;8ge265yj;158;51;107;583;233;350;240;91;21;87;160;31;129;0;57;80;062,63%;291;292;49;33;29;054.29%;027,10%;631;52.45454545454545;131752.72999999998;1 day, 12 hours, 35 minutes, 52.72999999998137 seconds;11;146
Walgrey;8ge6w47j;322;174;148;845;435;410;408;148;28;139;244;35;209;0;111;134;075,0%;496;349;68;18;26;064.91%;038,10%;680;28.111242603550295;941694.7099999997;10 days, 21 hours, 34 minutes, 54.70999999972992 seconds;17;140
Megami_infini;e8ekwd80;12;0;12;282;26;256;46;116;2;116;137;2;135;0;11;36;009,48%;164;118;28;6;12;007.31%;004,25%;483;62.4822695035461;880860.78;10 days, 4 hours, 41 minutes, 0.7800000000279397 seconds;23;108
btrim;zxz9n98q;20;0;20;191;1;190;40;61;1;60;82;1;81;0;11;27;018,03%;86;105;9;11;8;023.25%;010,47%;208;15.172774869109947;196084.40199999994;2 days, 6 hours, 28 minutes, 4.401999999943655 seconds;11;3
JoePulito;j0n0vk48;109;2;107;831;14;817;295;476;6;472;600;6;594;0;87;219;018,27%;640;191;107;79;56;017.03%;013,11%;340;70.27557160048134;259916.8590000001;3 days, 11 minutes, 56.859000000113156 seconds;16;742
infinitemystery;dx3gg78l;15;0;15;392;0;392;40;267;0;267;292;0;292;0;7;26;002,62%;303;89;12;13;11;004.95%;003,82%;264;33.33673469387755;1713627.3299999998;19 days, 20 hours, 27.329999999841675 seconds;25;0
Toxcien;jn36qqqx;600;570;30;814;744;70;719;27;16;16;67;30;37;0;20;22;074,07%;773;41;85;34;18;077.61%;073,71%;261;7.943488943488943;74597.42599999998;20 hours, 43 minutes, 17.42599999997765 seconds;3;470
TuckerStudios;v8lvyz2j;164;50;114;202;65;137;174;24;8;17;34;13;21;0;11;14;045,83%;196;6;9;1;3;083.67%;081,18%;576;13.108910891089108;25348.038000000008;7 hours, 2 minutes, 28.03800000000774 seconds;8;0
Frost20;jopgy97x;338;273;65;919;685;234;557;28;17;19;78;31;47;0;15;18;053,57%;676;243;141;78;48;050.0%;036,77%;337;21.570184983677912;86930.99799999999;1 day, 8 minutes, 50.99799999999232 seconds;4;0
Tfresh;j03n24wj;380;287;93;980;667;313;524;21;14;19;92;23;69;0;13;15;061,90%;580;400;110;34;26;065.51%;038,77%;1307;25.261224489795918;2126749.7700000005;24 days, 14 hours, 45 minutes, 49.77000000048429 seconds;9;0
Daxzz;8q32emwj;967;951;16;1421;1360;61;1284;15;9;10;45;18;27;0;7;9;046,66%;1334;87;277;40;12;072.48%;068,05%;219;24.603096410978186;47626.57399999994;13 hours, 13 minutes, 46.573999999942316 seconds;4;0
Akuretaki;xko2g798;3969;3567;402;5016;4097;919;4377;243;67;224;605;129;476;0;155;199;063,78%;4571;445;270;138;59;086.83%;079,12%;1127;31.8438995215311;728128.4460000002;8 days, 10 hours, 15 minutes, 28.446000000229105 seconds;9;4
Hades;xk49l57j;36;31;5;809;477;332;153;310;184;141;397;192;205;0;21;66;006,77%;665;144;80;37;56;005.41%;004,44%;532;45.519159456118665;38511.912999999964;10 hours, 41 minutes, 51.912999999964086 seconds;8;1
supercrazestar;8qrpwmdj;491;413;78;1193;857;336;816;180;75;140;315;106;209;0;82;128;045,55%;1047;146;203;122;70;046.89%;041,15%;844;56.63537300922045;90866.48899999981;1 day, 1 hour, 14 minutes, 26.488999999812222 seconds;7;22
FlashGiant;8wkrlkq8;280;207;73;595;421;174;422;55;29;43;129;52;77;0;24;34;043,63%;537;58;98;44;22;052.14%;047,05%;572;66.31428571428572;127298.93200000004;1 day, 11 hours, 21 minutes, 38.932000000044354 seconds;3;0
LordParoah;8e6rpq7j;379;281;98;1286;736;550;643;174;96;93;314;128;186;0;50;82;028,73%;1124;162;149;115;85;033.71%;029,47%;333;20.812597200622083;92669.37100000001;1 day, 1 hour, 44 minutes, 29.371000000013737 seconds;12;4
c0ckatoo;j5we65gj;1300;882;418;1388;933;455;1345;40;25;23;106;45;61;0;37;40;092,5%;1346;42;41;4;1;096.58%;093,65%;391;15.752161383285303;162014.20399999982;1 day, 21 hours, 14.203999999823282 seconds;4;51
Rj;86vwlq3j;121;18;103;339;72;267;197;17;8;11;79;13;66;0;12;13;070,58%;239;100;52;24;12;050.62%;035,69%;881;38.72271386430678;59780.749;16 hours, 36 minutes, 20.749000000003434 seconds;3;0
JKxWinG;v8141g38;357;269;88;960;668;292;430;20;7;19;81;16;65;0;6;10;030,0%;535;425;51;22;15;066.72%;037,18%;295;29.197916666666668;1802970.917;20 days, 20 hours, 49 minutes, 30.916999999899417 seconds;2;0
SEGARALLY;jn3g0ddx;202;191;11;674;615;59;304;18;17;4;49;41;8;0;17;18;094,44%;337;337;77;25;15;059.94%;029,97%;139;8.986646884272997;83075.28100000002;23 hours, 4 minutes, 35.28100000001723 seconds;8;276
french;8wk9o7q8;146;122;24;522;239;283;210;48;12;40;114;21;93;0;10;21;020,83%;354;168;32;32;19;041.24%;027,96%;265;23.296934865900383;39042.21800000002;10 hours, 50 minutes, 42.218000000022585 seconds;4;0
Keeganator;8qrnpeqj;15;13;2;132;61;71;42;39;18;28;58;21;37;0;6;17;015,38%;91;41;13;14;10;016.48%;011,36%;257;37.628787878787875;73062.78500000002;20 hours, 17 minutes, 42.785000000018044 seconds;6;10
pinkey;8qr6vnqj;155;104;51;375;218;157;243;38;20;25;74;37;37;0;22;29;057,89%;290;85;66;22;6;053.44%;041,33%;621;45.95466666666667;67052.818;18 hours, 37 minutes, 32.8179999999993 seconds;3;56
Zuhiy;j2ydrnl8;28;1;27;97;1;96;47;4;1;3;28;1;27;0;4;4;0100,0%;69;28;16;3;2;040.57%;028,86%;460;59.77319587628866;34102.458999999995;9 hours, 28 minutes, 22.458999999995285 seconds;1;0
pocogamer;j4qrqlvx;71;62;9;194;138;56;111;44;19;26;62;23;39;0;15;28;034,09%;183;11;22;18;9;038.79%;036,59%;207;45.68556701030928;3682.8619999999996;1 hour, 1 minute, 22.861999999999625 seconds;4;0
WookiesLA420;86313ep8;530;271;259;1447;573;874;906;61;29;49;181;48;133;0;31;39;050,81%;1333;114;223;153;104;039.75%;036,62%;519;47.378023496890115;203579.02100000015;2 days, 8 hours, 32 minutes, 59.021000000153435 seconds;11;0
Benjams;qj2oqknx;481;459;22;881;725;156;594;90;75;25;143;98;45;0;74;80;082,22%;676;205;73;40;28;071.15%;054,59%;562;23.07150964812713;61033.144999999684;16 hours, 57 minutes, 13.144999999683932 seconds;8;414
Bluestonex64;x3qmp56j;116;107;9;247;211;36;151;12;5;8;32;14;18;0;7;7;058,33%;171;76;24;11;4;067.83%;046,96%;324;23.336032388663966;16468.463000000003;4 hours, 34 minutes, 28.463000000003376 seconds;3;0
Santhy99;j26dw1ox;91;0;91;145;0;145;117;20;0;20;73;0;73;0;15;20;075,0%;118;27;23;3;1;077.11%;062,75%;179;26.0;10011.355;2 hours, 46 minutes, 51.35499999999956 seconds;1;1
nasuper;qjod3zlx;656;652;4;724;720;4;708;2;2;1;11;8;3;0;2;2;0100,0%;716;8;41;11;4;091.62%;090,60%;141;12.006906077348066;174314;2 days, 25 minutes, 14 seconds;1;0
PigRank;0jmn9dox;676;676;0;1256;1256;0;776;2;2;0;2;2;0;0;1;1;050,0%;783;473;81;19;3;086.33%;053,82%;5;0.007961783439490446;7659.021000000006;2 hours, 7 minutes, 39.0210000000061 seconds;1;0
Cad225;kj946vwx;522;507;15;736;635;101;535;8;3;6;31;6;25;0;5;6;062,5%;547;189;13;0;1;095.42%;070,92%;1036;53.19836956521739;449014.30600000004;5 days, 4 hours, 43 minutes, 34.30600000004051 seconds;6;0
Khalooody;xz995g08;267;36;231;686;116;570;340;14;5;14;79;14;65;0;10;14;071,42%;381;305;40;33;11;070.07%;038,92%;1915;87.64285714285714;863016.9420000006;9 days, 23 hours, 43 minutes, 36.94200000062119 seconds;8;196
Jubilee;j0nm9r48;505;389;116;717;523;194;622;89;46;78;188;56;132;0;69;80;077,52%;693;24;72;45;19;072.87%;070,43%;526;9.792189679218968;414931.38399999996;4 days, 19 hours, 15 minutes, 31.383999999961816 seconds;17;226
rocketfire;68we6n48;133;21;112;284;28;256;183;19;9;16;51;9;42;0;10;11;052,63%;217;67;36;14;5;061.29%;046,83%;319;62.20774647887324;31580.543000000012;8 hours, 46 minutes, 20.5430000000124 seconds;8;0
Octo;j9244y78;235;128;107;401;207;194;266;11;7;11;48;14;34;0;8;8;072,72%;272;129;27;4;3;086.39%;058,60%;774;59.47381546134663;240025.53299999994;2 days, 18 hours, 40 minutes, 25.5329999999376 seconds;2;0
A1Major;qjo39knj;102;0;102;310;19;291;128;14;2;14;34;2;32;0;12;13;085,71%;160;150;21;5;2;063.74%;032,90%;836;40.119354838709675;1363369.371;15 days, 18 hours, 42 minutes, 49.37100000004284 seconds;8;130
337Short337;8r79ge6j;85;0;85;298;1;297;126;10;1;9;26;1;25;0;8;9;080,0%;154;144;26;15;12;055.19%;028,52%;70;0.6208053691275168;9105.774;2 hours, 31 minutes, 45.77399999999943 seconds;2;1
ttpprr;8d3o7p9x;108;7;101;250;16;234;142;18;3;16;38;4;34;0;11;14;061,11%;168;82;24;10;7;064.28%;043,2%;240;22.8;95440.337;1 day, 2 hours, 30 minutes, 40.336999999999534 seconds;2;0
DarkLink;48gmomr8;123;32;91;215;66;149;188;24;2;23;99;6;93;0;21;23;087,5%;204;11;42;23;4;060.29%;057,20%;1137;71.54418604651163;218428.6130000001;2 days, 12 hours, 40 minutes, 28.61300000009942 seconds;7;0
ParallaxMKChile;48gr7lpx;221;116;105;457;175;282;285;35;7;35;115;18;97;0;29;34;082,85%;294;163;52;12;4;075.17%;048,35%;458;60.53391684901532;307819.62;3 days, 13 hours, 30 minutes, 19.619999999995343 seconds;21;408
NewNickName0;j51p0v68;86;0;86;105;0;105;99;4;0;4;17;0;17;0;4;4;0100,0%;100;5;11;2;1;086.0%;081,90%;147;3.0095238095238095;346683.6220000001;4 days, 18 minutes, 3.6220000000903383 seconds;2;0
JeffLemon;8vkkddej;86;0;86;200;0;200;92;1;0;1;9;0;9;0;1;1;0100,0%;94;106;5;1;0;091.48%;043,0%;98;3.735;5922.629999999999;1 hour, 38 minutes, 42.6299999999992 seconds;2;0
YoBGS;pj0wr0r8;1;0;1;233;26;207;34;198;19;180;211;20;191;0;1;27;000,50%;223;10;19;14;10;000.44%;000,42%;650;68.80257510729614;199047.453;2 days, 7 hours, 17 minutes, 27.453000000008615 seconds;21;3
Toad22484;qjoqq786;24;0;24;316;0;316;95;175;0;175;198;0;198;0;23;87;013,14%;199;117;38;33;20;012.06%;007,59%;496;64.23101265822785;440313.70900000003;5 days, 2 hours, 18 minutes, 33.709000000031665 seconds;10;14
Gameboy9917;0jm7kyzj;3;3;0;221;27;194;15;167;17;155;182;17;165;0;3;14;001,79%;190;31;8;4;8;001.57%;001,35%;338;48.782805429864254;103205.56199999998;1 day, 4 hours, 40 minutes, 5.561999999976251 seconds;24;80
kamil2050;18vy5lv8;103;47;56;762;128;634;171;135;16;131;245;22;223;0;29;45;021,48%;370;392;38;30;19;027.83%;013,51%;277;8.448818897637794;1529552.291;17 days, 16 hours, 52 minutes, 32.290999999968335 seconds;20;257
The_Retro_Challenger;v8lrl5l8;15;0;15;153;0;153;47;127;0;127;142;0;142;0;15;42;011,81%;143;10;21;11;11;010.48%;009,80%;491;78.3529411764706;218777.25;2 days, 12 hours, 46 minutes, 17.25 seconds;16;0
Ecdycis;qjn2rkwj;17;0;17;493;7;486;84;125;2;125;174;2;172;0;14;45;011,20%;213;280;39;28;18;007.98%;003,44%;294;48.9553752535497;1768978.6369999999;20 days, 11 hours, 22 minutes, 58.63699999987148 seconds;19;42
DarthTyrael;jo3d0e0j;46;10;36;249;10;239;82;125;3;124;156;3;153;0;24;51;019,2%;172;77;18;18;15;026.74%;018,47%;212;46.06425702811245;169295.19199999995;1 day, 23 hours, 1 minute, 35.191999999951804 seconds;5;243
MilkToast;qjn7vp18;110;52;58;234;107;127;169;102;18;86;118;19;99;0;49;80;048,03%;213;21;32;27;11;051.64%;047,00%;1319;159.65811965811966;444045.157;5 days, 3 hours, 20 minutes, 45.15700000000652 seconds;7;175
jojoretrogamer;8d3y5vgx;107;42;65;302;95;207;181;116;18;109;161;21;140;0;54;84;046,55%;241;61;51;23;18;044.39%;035,43%;696;39.533112582781456;330202.72699999996;3 days, 19 hours, 43 minutes, 22.726999999955297 seconds;11;207
AardappelMASTER;x35zgnqj;143;106;37;1001;752;249;383;61;30;52;133;45;88;0;23;30;037,70%;583;418;136;104;61;024.52%;014,28%;900;40.175824175824175;1363158.5269999988;15 days, 18 hours, 39 minutes, 18.52699999883771 seconds;17;4
JokerTropical;18vww95j;199;135;64;904;442;462;351;54;13;49;143;34;109;0;14;24;025,92%;461;443;103;49;21;043.16%;022,01%;953;29.654867256637168;1280223.685;14 days, 19 hours, 37 minutes, 3.6850000000558794 seconds;10;1
_hampter_;x7ml2dqx;101;1;100;230;8;222;143;4;1;3;21;1;20;0;3;4;075,0%;147;83;34;8;1;068.70%;043,91%;167;113.33478260869565;173659.8750000001;2 days, 14 minutes, 19.87500000008731 seconds;2;0
KolIsTehMan;j92vdoo8;89;0;89;296;0;296;192;3;0;3;32;0;32;0;3;3;0100,0%;272;24;61;42;23;032.72%;030,06%;386;63.34121621621622;45990;12 hours, 46 minutes, 30 seconds;2;0
jensj56;pj0o1g4j;142;104;38;1342;1035;307;414;70;38;59;166;56;110;0;18;33;025,71%;794;548;148;124;98;017.88%;010,58%;784;30.7123695976155;1159601.6699999995;13 days, 10 hours, 6 minutes, 41.66999999945983 seconds;15;2
